<?xml version="1.0" encoding="UTF-8"?>
<project-private xmlns="http://www.netbeans.org/ns/project-private/1">
    <editor-bookmarks xmlns="http://www.netbeans.org/ns/editor-bookmarks/2" lastBookmarkId="0"/>
    <open-files xmlns="http://www.netbeans.org/ns/projectui-open-files/2">
        <group>
            <file>file:/Users/Chimeras96/Desktop/CMSC%20250/AircraftServer%202/AircraftServer%202/src/simulation/Boss.java</file>
            <file>file:/Users/Chimeras96/Desktop/CMSC%20250/AircraftServer%202/AircraftServer%202/src/simulation/Player.java</file>
            <file>file:/Users/Chimeras96/Desktop/CMSC%20250/AircraftServer%202/AircraftServer%202/src/aircraftserver/AircraftServer.java</file>
            <file>file:/Users/Chimeras96/Desktop/CMSC%20250/AircraftServer%202/AircraftServer%202/src/simulation/Box.java</file>
            <file>file:/Users/Chimeras96/Desktop/CMSC%20250/AircraftServer%202/AircraftServer%202/src/aircraftserver/AircraftMaster.java</file>
            <file>file:/Users/Chimeras96/Desktop/CMSC%20250/AircraftServer%202/AircraftServer%202/src/simulation/Ball.java</file>
            <file>file:/Users/Chimeras96/Desktop/CMSC%20250/AircraftServer%202/AircraftServer%202/src/aircraftserver/FXMLDocumentController.java</file>
            <file>file:/Users/Chimeras96/Desktop/CMSC%20250/AircraftServer%202/AircraftServer%202/src/aircraft/AircraftConstants.java</file>
        </group>
    </open-files>
</project-private>
