<?xml version="1.0" encoding="UTF-8"?>
<project-private xmlns="http://www.netbeans.org/ns/project-private/1">
    <editor-bookmarks xmlns="http://www.netbeans.org/ns/editor-bookmarks/2" lastBookmarkId="0"/>
    <open-files xmlns="http://www.netbeans.org/ns/projectui-open-files/2">
        <group>
            <file>file:/Users/Chimeras96/Desktop/CMSC%20250/AircraftPlayer/src/aircraftplayer/AircraftGateway.java</file>
            <file>file:/Users/Chimeras96/Desktop/CMSC%20250/AircraftPlayer/src/aircraftplayer/UserInput.java</file>
            <file>file:/Users/Chimeras96/Desktop/CMSC%20250/AircraftPlayer/src/aircraftplayer/FXMLDocument.fxml</file>
            <file>file:/Users/Chimeras96/Desktop/CMSC%20250/AircraftPlayer/src/aircraft/AircraftConstants.java</file>
            <file>file:/Users/Chimeras96/Desktop/CMSC%20250/AircraftPlayer/src/aircraftplayer/AircraftPlayer.java</file>
            <file>file:/Users/Chimeras96/Desktop/CMSC%20250/AircraftPlayer/src/aircraftplayer/GamePane.java</file>
            <file>file:/Users/Chimeras96/Desktop/CMSC%20250/AircraftPlayer/src/aircraftplayer/FXMLDocumentController.java</file>
        </group>
    </open-files>
</project-private>
